Movie ID,Person Name,Role
101,Keanu Reeves,Actor
101,Laurence Fishburne,Actor
101,Carrie-Anne Moss,Actress
102,Leonardo DiCaprio,Actor
102,Joseph Gordon-Levitt,Actor
102,Ellen Page,Actress
103,Sam Neill,Actor
103,Laura Dern,Actress
103,Jeff Goldblum,Actor
104,Robert Downey Jr.,Actor
104,Chris Evans,Actor
104,Scarlett Johansson,Actress
105,Sam Worthington,Actor
105,Zoe Saldana,Actress
105,Sigourney Weaver,Actress
106,Leonardo DiCaprio,Actor
106,Kate Winslet,Actress
106,Billy Zane,Actor
107,Matthew Broderick,Actor
107,Jeremy Irons,Actor
